{
  "version": 1,
  "author": "Anonymous maker",
  "editor": "wokwi",
  "parts": [
    {
      "type": "wokwi-arduino-uno",
      "id": "uno",
      "top": 150,
      "left": 100,
      "attrs": {}
    },
    {
      "type": "wokwi-dht22",
      "id": "dht1",
      "top": 50,
      "left": 300,
      "attrs": {
        "temperature": "80",
        "humidity": "100"
      }
    },
    {
      "type": "wokwi-photoresistor-sensor",
      "id": "ldr1",
      "top": 50,
      "left": -100,
      "attrs": {}
    },
    {
      "type": "wokwi-hc-sr04",
      "id": "ultrasonic1",
      "top": 49.5,
      "left": -301.7,
      "attrs": {
        "distance": "257"
      }
    },
    {
      "type": "wokwi-led",
      "id": "led1",
      "top": 300,
      "left": 200,
      "attrs": {
        "color": "red"
      }
    },
    {
      "type": "wokwi-led",
      "id": "led2",
      "top": 300,
      "left": 250,
      "attrs": {
        "color": "blue"
      }
    },
    {
      "type": "wokwi-led",
      "id": "led3",
      "top": 300,
      "left": 300,
      "attrs": {
        "color": "green"
      }
    },
    {
      "type": "wokwi-resistor",
      "id": "r1",
      "top": 100,
      "left": -100,
      "attrs": {
        "value": "10000"
      }
    },
    {
      "type": "wokwi-resistor",
      "id": "r2",
      "top": 320,
      "left": 200,
      "attrs": {
        "value": "220"
      }
    },
    {
      "type": "wokwi-resistor",
      "id": "r3",
      "top": 320,
      "left": 250,
      "attrs": {
        "value": "220"
      }
    },
    {
      "type": "wokwi-resistor",
      "id": "r4",
      "top": 320,
      "left": 300,
      "attrs": {
        "value": "220"
      }
    },
    {
      "type": "wokwi-buzzer",
      "id": "bz1",
      "top": 200,
      "left": 350,
      "attrs": {
        "volume": "0.1"
      }
    },
    {
      "type": "wokwi-servo",
      "id": "servo1",
      "top": 350,
      "left": 100,
      "attrs": {}
    },
    {
      "type": "wokwi-pir-motion-sensor",
      "id": "pir1",
      "top": 50,
      "left": 0,
      "attrs": {}
    },
    {
      "type": "wokwi-pushbutton",
      "id": "button1",
      "top": 351.8,
      "left": 0,
      "attrs": {}
    }
  ],
  "connections": [
    [
      "dht1:VCC",
      "uno:5V",
      "red",
      [
        "v0"
      ]
    ],
    [
      "dht1:GND",
      "uno:GND.1",
      "black",
      [
        "v0"
      ]
    ],
    [
      "dht1:SDA",
      "uno:2",
      "green",
      [
        "v0"
      ]
    ],
    [
      "ldr1:VCC",
      "uno:5V",
      "red",
      [
        "h0"
      ]
    ],
    [
      "ldr1:GND",
      "r1:1",
      "black",
      [
        "h0"
      ]
    ],
    [
      "r1:2",
      "uno:GND.3",
      "black",
      [
        "h0"
      ]
    ],
    [
      "ldr1:DO",
      "uno:A0",
      "green",
      [
        "h67.2",
        "v57"
      ]
    ],
    [
      "ultrasonic1:VCC",
      "uno:5V",
      "red",
      [
        "v0"
      ]
    ],
    [
      "ultrasonic1:GND",
      "uno:GND.1",
      "black",
      [
        "v0"
      ]
    ],
    [
      "ultrasonic1:TRIG",
      "uno:4",
      "green",
      [
        "v0"
      ]
    ],
    [
      "ultrasonic1:ECHO",
      "uno:5",
      "green",
      [
        "v0"
      ]
    ],
    [
      "led1:A",
      "r2:1",
      "green",
      [
        "v0"
      ]
    ],
    [
      "r2:2",
      "uno:6",
      "green",
      [
        "v0"
      ]
    ],
    [
      "led2:A",
      "r3:1",
      "green",
      [
        "v0"
      ]
    ],
    [
      "r3:2",
      "uno:7",
      "green",
      [
        "v0"
      ]
    ],
    [
      "led3:A",
      "r4:1",
      "green",
      [
        "v0"
      ]
    ],
    [
      "r4:2",
      "uno:8",
      "green",
      [
        "v0"
      ]
    ],
    [
      "led1:C",
      "uno:GND.2",
      "green",
      [
        "v0"
      ]
    ],
    [
      "led2:C",
      "uno:GND.2",
      "green",
      [
        "v67.2",
        "h86.4"
      ]
    ],
    [
      "led3:C",
      "uno:GND.2",
      "green",
      [
        "v0"
      ]
    ],
    [
      "bz1:2",
      "uno:9",
      "green",
      [
        "v0"
      ]
    ],
    [
      "bz1:1",
      "uno:GND.2",
      "green",
      [
        "v0"
      ]
    ],
    [
      "servo1:V+",
      "uno:5V",
      "green",
      [
        "h0"
      ]
    ],
    [
      "servo1:GND",
      "uno:GND.2",
      "black",
      [
        "h0"
      ]
    ],
    [
      "servo1:PWM",
      "uno:10",
      "green",
      [
        "h0"
      ]
    ],
    [
      "pir1:VCC",
      "uno:5V",
      "red",
      [
        "h0"
      ]
    ],
    [
      "pir1:GND",
      "uno:GND.1",
      "black",
      [
        "v0"
      ]
    ],
    [
      "pir1:OUT",
      "uno:3",
      "green",
      [
        "h0"
      ]
    ],
    [
      "button1:1.r",
      "uno:11",
      "green",
      [
        "h0"
      ]
    ],
    [
      "button1:2.r",
      "uno:GND.2",
      "black",
      [
        "h0"
      ]
    ],
    [
      "button1:3.l",
      "uno:5V",
      "red",
      [
        "h0"
      ]
    ]
  ],
  "dependencies": {}
}