{
  "version": 1,
  "author": "Anonymous maker",
  "editor": "wokwi",
  "parts": [
    { "type": "wokwi-arduino-uno", "id": "uno", "top": 150, "left": 100, "attrs": {} },
    { "type": "wokwi-photoresistor-sensor", "id": "ldr1", "top": 50, "left": -100, "attrs": {} },
    { "type": "wokwi-led", "id": "led1", "top": 300, "left": 200, "attrs": { "color": "red" } },
    { "type": "wokwi-led", "id": "led2", "top": 300, "left": 250, "attrs": { "color": "blue" } },
    { "type": "wokwi-led", "id": "led3", "top": 300, "left": 300, "attrs": { "color": "green" } },
    { "type": "wokwi-resistor", "id": "r1", "top": 100, "left": -100, "attrs": { "value": "10000" } },
    { "type": "wokwi-resistor", "id": "r2", "top": 320, "left": 200, "attrs": { "value": "220" } },
    { "type": "wokwi-resistor", "id": "r3", "top": 320, "left": 250, "attrs": { "value": "220" } },
    { "type": "wokwi-resistor", "id": "r4", "top": 320, "left": 300, "attrs": { "value": "220" } }
  ],
  "connections": [
    [ "ldr1:VCC", "uno:5V", "red", [ "h0" ] ],
    [ "ldr1:GND", "r1:1", "black", [ "h0" ] ],
    [ "r1:2", "uno:GND.3", "black", [ "h0" ] ],
    [ "ldr1:DO", "uno:A0", "green", [ "h67.2", "v57" ] ],
    [ "led1:A", "r2:1", "green", [ "v0" ] ],
    [ "r2:2", "uno:8", "green", [ "v0" ] ],
    [ "led2:A", "r3:1", "green", [ "v0" ] ],
    [ "r3:2", "uno:7", "green", [ "v0" ] ],
    [ "led3:A", "r4:1", "green", [ "v0" ] ],
    [ "r4:2", "uno:6", "green", [ "v0" ] ],
    [ "led1:C", "uno:GND.2", "green", [ "v0" ] ],
    [ "led2:C", "uno:GND.2", "green", [ "v67.2", "h86.4" ] ],
    [ "led3:C", "uno:GND.2", "green", [ "v0" ] ]
  ],
  "dependencies": {}
}
