{
  "version": 1,
  "author": "Anonymous maker",
  "editor": "wokwi",
  "parts": [
    {
      "type": "wokwi-arduino-uno",
      "id": "uno",
      "top": 150,
      "left": 100,
      "attrs": {}
    },
    {
      "type": "wokwi-pir-motion-sensor",
      "id": "pir1",
      "top": 50,
      "left": 0,
      "attrs": {}
    },
    {
      "type": "wokwi-buzzer",
      "id": "bz1",
      "top": 200,
      "left": 350,
      "attrs": {}
    },
    {
      "type": "wokwi-led",
      "id": "led1",
      "top": 300,
      "left": 200,
      "attrs": {
        "color": "red"
      }
    },
    {
      "type": "wokwi-led",
      "id": "led2",
      "top": 300,
      "left": 250,
      "attrs": {
        "color": "blue"
      }
    },
    {
      "type": "wokwi-led",
      "id": "led3",
      "top": 300,
      "left": 300,
      "attrs": {
        "color": "green"
      }
    }
  ],
  "connections": [
    [
      "pir1:VCC",
      "uno:5V",
      "red",
      [
        "h0"
      ]
    ],
    [
      "pir1:GND",
      "uno:GND.1",
      "black",
      [
        "v0"
      ]
    ],
    [
      "pir1:OUT",
      "uno:3",
      "green",
      [
        "h0"
      ]
    ],
    [
      "bz1:2",
      "uno:9",
      "green",
      [
        "v0"
      ]
    ],
    [
      "bz1:1",
      "uno:GND.2",
      "green",
      [
        "v0"
      ]
    ],
    [
      "led1:A",
      "uno:8",
      "green",
      [
        "v0"
      ]
    ],
    [
      "led2:A",
      "uno:7",
      "green",
      [
        "v0"
      ]
    ],
    [
      "led3:A",
      "uno:6",
      "green",
      [
        "v0"
      ]
    ],
    [
      "led1:C",
      "uno:GND.2",
      "green",
      [
        "v0"
      ]
    ],
    [
      "led2:C",
      "uno:GND.2",
      "green",
      [
        "v67.2",
        "h86.4"
      ]
    ],
    [
      "led3:C",
      "uno:GND.2",
      "green",
      [
        "v0"
      ]
    ]
  ],
  "dependencies": {}
}